{"cameraMode":{"drawMode":0,"name":"Shaded","section":"Shading Mode"},"sceneLighting":false,"audioPlay":false,"sceneViewState":{"m_AlwaysRefresh":false,"showFog":true,"showSkybox":false,"showFlares":true,"showImageEffects":true,"showParticleSystems":true,"showVisualEffectGraphs":true,"m_FxEnabled":true},"in2DMode":false,"pivot":{"x":1.9640997648239136,"y":4.982607841491699,"z":0.16285324096679688},"rotation":{"x":0.2208186239004135,"y":-0.17733271420001985,"z":0.04086708277463913,"w":0.9581883549690247},"size":1.0340137481689454,"orthographic":false}