{"cameraMode":{"drawMode":0,"name":"Shaded","section":"Shading Mode"},"sceneLighting":true,"audioPlay":false,"sceneViewState":{"m_AlwaysRefresh":false,"showFog":true,"showSkybox":true,"showFlares":true,"showImageEffects":true,"showParticleSystems":true,"showVisualEffectGraphs":true,"m_FxEnabled":true},"in2DMode":false,"pivot":{"x":1.3293558359146119,"y":7.963022708892822,"z":5.057798862457275},"rotation":{"x":0.2777172029018402,"y":-0.06104594096541405,"z":0.01768612675368786,"w":0.9585751891136169},"size":19.745685577392579,"orthographic":false}