{"cameraMode":{"drawMode":0,"name":"Shaded","section":"Shading Mode"},"sceneLighting":true,"audioPlay":false,"sceneViewState":{"m_AlwaysRefresh":false,"showFog":true,"showSkybox":true,"showFlares":true,"showImageEffects":true,"showParticleSystems":true,"showVisualEffectGraphs":true,"m_FxEnabled":true},"in2DMode":false,"pivot":{"x":482.2740173339844,"y":221.89617919921876,"z":0.0024557113647460939},"rotation":{"x":-0.24174053966999055,"y":-0.02008790150284767,"z":0.005004041362553835,"w":-0.9701308012008667},"size":31.64354133605957,"orthographic":false}